<?xml version="1.0" encoding="UTF-8"?>
<root>
  <item name="com.tenor.android.core.measurable.MeasurableViewHolderData java.lang.String getVisualPosition()">
    <annotation name="androidx.annotation.StringDef">
      <val name="value" val="{com.tenor.android.core.constant.ItemVisualPositions.UNKNOWN, com.tenor.android.core.constant.ItemVisualPositions.LEFT, com.tenor.android.core.constant.ItemVisualPositions.RIGHT}" />
    </annotation>
  </item>
  <item name="com.tenor.android.core.measurable.MeasurableViewHolderData void setVisualPosition(java.lang.String) 0">
    <annotation name="androidx.annotation.StringDef">
      <val name="value" val="{com.tenor.android.core.constant.ItemVisualPositions.UNKNOWN, com.tenor.android.core.constant.ItemVisualPositions.LEFT, com.tenor.android.core.constant.ItemVisualPositions.RIGHT}" />
    </annotation>
  </item>
  <item name="com.tenor.android.core.measurable.MeasurableViewHolderData&lt;VH&gt; mVisualPosition">
    <annotation name="androidx.annotation.StringDef">
      <val name="value" val="{com.tenor.android.core.constant.ItemVisualPositions.UNKNOWN, com.tenor.android.core.constant.ItemVisualPositions.LEFT, com.tenor.android.core.constant.ItemVisualPositions.RIGHT}" />
    </annotation>
  </item>
  <item name="com.tenor.android.core.measurable.MeasurableViewHolderEvent MeasurableViewHolderEvent(java.lang.String, java.lang.String, java.lang.String, java.lang.String) 1">
    <annotation name="androidx.annotation.StringDef">
      <val name="value" val="{com.tenor.android.core.constant.ViewActions.VIEW, com.tenor.android.core.constant.ViewActions.SHARE, com.tenor.android.core.constant.ViewActions.TAP}" />
    </annotation>
  </item>
  <item name="com.tenor.android.core.measurable.MeasurableViewHolderEvent MeasurableViewHolderEvent(java.lang.String, java.lang.String, java.lang.String, java.lang.String) 3">
    <annotation name="androidx.annotation.StringDef">
      <val name="value" val="{com.tenor.android.core.constant.ItemVisualPositions.UNKNOWN, com.tenor.android.core.constant.ItemVisualPositions.LEFT, com.tenor.android.core.constant.ItemVisualPositions.RIGHT}" />
    </annotation>
  </item>
  <item name="com.tenor.android.core.measurable.MeasurableViewHolderEvent mVisualPosition">
    <annotation name="androidx.annotation.StringDef">
      <val name="value" val="{com.tenor.android.core.constant.ItemVisualPositions.UNKNOWN, com.tenor.android.core.constant.ItemVisualPositions.LEFT, com.tenor.android.core.constant.ItemVisualPositions.RIGHT}" />
    </annotation>
  </item>
</root>

