<?xml version="1.0" encoding="UTF-8"?>
<root>
  <item name="com.tenor.android.core.network.ApiClient retrofit2.Call&lt;java.lang.Void&gt; registerAction(android.content.Context, java.lang.String, java.lang.String, java.lang.String) 3">
    <annotation name="androidx.annotation.StringDef">
      <val name="value" val="{com.tenor.android.core.constant.ViewActions.VIEW, com.tenor.android.core.constant.ViewActions.SHARE, com.tenor.android.core.constant.ViewActions.TAP}" />
    </annotation>
  </item>
  <item name="com.tenor.android.core.network.ApiService.Builder&lt;T&gt; com.tenor.android.core.network.ApiService.IBuilder&lt;T&gt; protocol(java.lang.String) 0">
    <annotation name="androidx.annotation.StringDef">
      <val name="value" val="{com.tenor.android.core.network.constant.Protocols.HTTP, com.tenor.android.core.network.constant.Protocols.HTTPS}" />
    </annotation>
  </item>
  <item name="com.tenor.android.core.network.ApiService&lt;T&gt;.Builder&lt;T&gt; protocol">
    <annotation name="androidx.annotation.StringDef">
      <val name="value" val="{com.tenor.android.core.network.constant.Protocols.HTTP, com.tenor.android.core.network.constant.Protocols.HTTPS}" />
    </annotation>
  </item>
  <item name="com.tenor.android.core.network.ApiService.IBuilder&lt;T&gt; com.tenor.android.core.network.ApiService.IBuilder&lt;T&gt; protocol(java.lang.String) 0">
    <annotation name="androidx.annotation.StringDef">
      <val name="value" val="{com.tenor.android.core.network.constant.Protocols.HTTP, com.tenor.android.core.network.constant.Protocols.HTTPS}" />
    </annotation>
  </item>
</root>

